INSERT INTO Vaccine (name,minimal_age) VALUES ('Rabies Disease',1.05);
INSERT INTO Vaccine (name,minimal_age) VALUES ('Quamar Disease',2.01);
INSERT INTO Vaccine (name,minimal_age) VALUES ('Viral Bree',5.01);
INSERT INTO Vaccine (name,minimal_age) VALUES ('Kenyon Disease',5.01);
INSERT INTO Vaccine (name,minimal_age) VALUES ('Samantha Disease',0.01);
INSERT INTO Vaccine (name,minimal_age) VALUES ('Viral Macey',1.01);
INSERT INTO Vaccine (name,minimal_age) VALUES ('Cain Disease',4.01);
INSERT INTO Vaccine (name,minimal_age) VALUES ('Grace Disease',2.01);
INSERT INTO Vaccine (name,minimal_age) VALUES ('Sylvester Disease',4.01);
INSERT INTO Vaccine (name,minimal_age) VALUES ('Kirby Disease',0.01);
INSERT INTO Vaccine (name,minimal_age) VALUES ('Erica Disease',4.01);
INSERT INTO Vaccine (name,minimal_age) VALUES ('Keelie Disease',0.01);
INSERT INTO Vaccine (name,minimal_age) VALUES ('Nathan Disease',4.01);
INSERT INTO Vaccine (name,minimal_age) VALUES ('Roary Disease',3.01);
INSERT INTO Vaccine (name,minimal_age) VALUES ('Indigo Disease',0.01);
INSERT INTO Vaccine (name,minimal_age) VALUES ('Kennan Disease',0.01);
INSERT INTO Vaccine (name,minimal_age) VALUES ('Viral Risa',3.01);
INSERT INTO Vaccine (name,minimal_age) VALUES ('Lawrence Disease',1.01);
INSERT INTO Vaccine (name,minimal_age) VALUES ('Kamal Disease',0.01);
INSERT INTO Vaccine (name,minimal_age) VALUES ('Viral Evan',3.01);
INSERT INTO Vaccine (name,minimal_age) VALUES ('Viral Chaney',4.01);
INSERT INTO Vaccine (name,minimal_age) VALUES ('Viral Aidan',3.01);
INSERT INTO Vaccine (name,minimal_age) VALUES ('India Disease',1.01);
INSERT INTO Vaccine (name,minimal_age) VALUES ('Viral Hilary',3.01);
INSERT INTO Vaccine (name,minimal_age) VALUES ('Allistair Disease',3.01);


INSERT INTO Owner (id,name,email,password,date_register,cpf) VALUES (1,'Hanae','sed.sapien@outlook.couk','$2a$10$eACCYoNOHEqXve8aIWT8Nu3PkMXWBaOxJ9aORUYzfMQCbVBIhZ8tG','2023-03-20','621.367.555-88');
INSERT INTO Owner (id,name,email,password,date_register,cpf) VALUES (2,'Heidi','nam.interdum@icloud.net','$2a$10$eACCYoNOHEqXve8aIWT8Nu3PkMXWBaOxJ9aORUYzfMQCbVBIhZ8tG','2022-08-19','682.231.812-23');
INSERT INTO Owner (id,name,email,password,date_register,cpf) VALUES (3,'Emerald','nascetur.ridiculus@aol.net','$2a$10$eACCYoNOHEqXve8aIWT8Nu3PkMXWBaOxJ9aORUYzfMQCbVBIhZ8tG','2023-10-15','404.498.727-50');
INSERT INTO Owner (id,name,email,password,date_register,cpf) VALUES (4,'Stone','sit@aol.com','$2a$10$eACCYoNOHEqXve8aIWT8Nu3PkMXWBaOxJ9aORUYzfMQCbVBIhZ8tG','2023-07-12','724.337.554-14');
INSERT INTO Owner (id,name,email,password,date_register,cpf) VALUES (5,'Inez','pede@outlook.couk','$2a$10$eACCYoNOHEqXve8aIWT8Nu3PkMXWBaOxJ9aORUYzfMQCbVBIhZ8tG','2023-04-29','668.025.492-65');
INSERT INTO Owner (id,name,email,password,date_register,cpf) VALUES (6,'Rinah','mattis.velit@outlook.com','$2a$10$eACCYoNOHEqXve8aIWT8Nu3PkMXWBaOxJ9aORUYzfMQCbVBIhZ8tG','2023-09-27','512.578.281-55');
INSERT INTO Owner (id,name,email,password,date_register,cpf) VALUES (7,'Matthew','vestibulum@hotmail.com','$2a$10$eACCYoNOHEqXve8aIWT8Nu3PkMXWBaOxJ9aORUYzfMQCbVBIhZ8tG','2022-02-10','360.749.531-54');
INSERT INTO Owner (id,name,email,password,date_register,cpf) VALUES (8,'Hector','ipsum.donec@protonmail.edu','$2a$10$eACCYoNOHEqXve8aIWT8Nu3PkMXWBaOxJ9aORUYzfMQCbVBIhZ8tG','2024-02-03','649.321.016-68');
INSERT INTO Owner (id,name,email,password,date_register,cpf) VALUES (9,'Carson','et.rutrum@hotmail.org','$2a$10$eACCYoNOHEqXve8aIWT8Nu3PkMXWBaOxJ9aORUYzfMQCbVBIhZ8tG','2023-04-21','646.138.922-32');
INSERT INTO Owner (id,name,email,password,date_register,cpf) VALUES (10,'Craig','urna.nunc@yahoo.com','$2a$10$eACCYoNOHEqXve8aIWT8Nu3PkMXWBaOxJ9aORUYzfMQCbVBIhZ8tG','2022-10-21','522.567.633-24');
INSERT INTO Owner (id,name,email,password,date_register,cpf) VALUES (11,'Cally','dui@yahoo.net','$2a$10$eACCYoNOHEqXve8aIWT8Nu3PkMXWBaOxJ9aORUYzfMQCbVBIhZ8tG','2024-02-02','146.365.645-01');
INSERT INTO Owner (id,name,email,password,date_register,cpf) VALUES (12,'Alana','ullamcorper@outlook.org','$2a$10$eACCYoNOHEqXve8aIWT8Nu3PkMXWBaOxJ9aORUYzfMQCbVBIhZ8tG','2023-11-09','092.557.982-65');
INSERT INTO Owner (id,name,email,password,date_register,cpf) VALUES (13,'Brian','rhoncus@aol.edu','$2a$10$eACCYoNOHEqXve8aIWT8Nu3PkMXWBaOxJ9aORUYzfMQCbVBIhZ8tG','2022-05-29','582.386.252-87');
INSERT INTO Owner (id,name,email,password,date_register,cpf) VALUES (14,'Nola','rutrum@outlook.org','$2a$10$eACCYoNOHEqXve8aIWT8Nu3PkMXWBaOxJ9aORUYzfMQCbVBIhZ8tG','2022-05-17','609.522.285-78');
INSERT INTO Owner (id,name,email,password,date_register,cpf) VALUES (15,'Tallulah','ac@google.org','$2a$10$eACCYoNOHEqXve8aIWT8Nu3PkMXWBaOxJ9aORUYzfMQCbVBIhZ8tG','2023-10-09','934.739.922-83');
INSERT INTO Owner (id,name,email,password,date_register,cpf) VALUES (16,'Zelda','scelerisque.mollis.phasellus@hotmail.couk','$2a$10$eACCYoNOHEqXve8aIWT8Nu3PkMXWBaOxJ9aORUYzfMQCbVBIhZ8tG','2023-11-05','397.693.284-36');
INSERT INTO Owner (id,name,email,password,date_register,cpf) VALUES (17,'Cain','tellus.eu@aol.org','$2a$10$eACCYoNOHEqXve8aIWT8Nu3PkMXWBaOxJ9aORUYzfMQCbVBIhZ8tG','2022-11-14','370.253.242-67');
INSERT INTO Owner (id,name,email,password,date_register,cpf) VALUES (18,'Baxter','eu.augue@yahoo.org','$2a$10$eACCYoNOHEqXve8aIWT8Nu3PkMXWBaOxJ9aORUYzfMQCbVBIhZ8tG','2022-11-05','251.148.278-77');
INSERT INTO Owner (id,name,email,password,date_register,cpf) VALUES (19,'Lars','primis@google.ca','$2a$10$eACCYoNOHEqXve8aIWT8Nu3PkMXWBaOxJ9aORUYzfMQCbVBIhZ8tG','2023-03-10','704.652.355-82');
INSERT INTO Owner (id,name,email,password,date_register,cpf) VALUES (20,'Deborah','sed.nunc.est@icloud.couk','$2a$10$eACCYoNOHEqXve8aIWT8Nu3PkMXWBaOxJ9aORUYzfMQCbVBIhZ8tG','2022-11-29','371.855.740-32');
INSERT INTO Owner (id,name,email,password,date_register,cpf) VALUES (21,'Clayton','mauris.elit@hotmail.net','$2a$10$eACCYoNOHEqXve8aIWT8Nu3PkMXWBaOxJ9aORUYzfMQCbVBIhZ8tG','2023-11-23','773.769.875-91');
INSERT INTO Owner (id,name,email,password,date_register,cpf) VALUES (22,'Shelly','congue@icloud.com','$2a$10$eACCYoNOHEqXve8aIWT8Nu3PkMXWBaOxJ9aORUYzfMQCbVBIhZ8tG','2023-01-06','274.655.558-04');
INSERT INTO Owner (id,name,email,password,date_register,cpf) VALUES (23,'Mason','elementum.purus.accumsan@hotmail.net','$2a$10$eACCYoNOHEqXve8aIWT8Nu3PkMXWBaOxJ9aORUYzfMQCbVBIhZ8tG','2023-06-29','675.377.402-19');
INSERT INTO Owner (id,name,email,password,date_register,cpf) VALUES (24,'Regan','ac@icloud.net','$2a$10$eACCYoNOHEqXve8aIWT8Nu3PkMXWBaOxJ9aORUYzfMQCbVBIhZ8tG','2023-01-29','936.275.152-82');
INSERT INTO Owner (id,name,email,password,date_register,cpf) VALUES (25,'Zena','sit.amet@google.ca','$2a$10$eACCYoNOHEqXve8aIWT8Nu3PkMXWBaOxJ9aORUYzfMQCbVBIhZ8tG','2022-05-07','741.868.648-86');


INSERT INTO veterinarian (id,name,email,password,date_register,license) VALUES (1,'Ira','blandit@hotmail.org','$2a$10$eACCYoNOHEqXve8aIWT8Nu3PkMXWBaOxJ9aORUYzfMQCbVBIhZ8tG','2022-11-09','556-405.22');
INSERT INTO veterinarian (id,name,email,password,date_register,license) VALUES (2,'Ivy','quam.dignissim.pharetra@protonmail.org','$2a$10$eACCYoNOHEqXve8aIWT8Nu3PkMXWBaOxJ9aORUYzfMQCbVBIhZ8tG','2023-04-22','596-774.21');
INSERT INTO veterinarian (id,name,email,password,date_register,license) VALUES (3,'Hunter','tincidunt@outlook.ca','$2a$10$eACCYoNOHEqXve8aIWT8Nu3PkMXWBaOxJ9aORUYzfMQCbVBIhZ8tG','2023-01-19','352-343.98');
INSERT INTO veterinarian (id,name,email,password,date_register,license) VALUES (4,'Beverly','sit.amet@aol.com','$2a$10$eACCYoNOHEqXve8aIWT8Nu3PkMXWBaOxJ9aORUYzfMQCbVBIhZ8tG','2023-10-22','536-262.70');
INSERT INTO veterinarian (id,name,email,password,date_register,license) VALUES (5,'Carlos','venenatis.lacus@aol.ca','$2a$10$eACCYoNOHEqXve8aIWT8Nu3PkMXWBaOxJ9aORUYzfMQCbVBIhZ8tG','2023-11-27','307-273.21');
INSERT INTO veterinarian (id,name,email,password,date_register,license) VALUES (6,'Grant','congue.elit@hotmail.ca','$2a$10$eACCYoNOHEqXve8aIWT8Nu3PkMXWBaOxJ9aORUYzfMQCbVBIhZ8tG','2023-02-06','367-236.55');
INSERT INTO veterinarian (id,name,email,password,date_register,license) VALUES (7,'Diana','eu@outlook.net','$2a$10$eACCYoNOHEqXve8aIWT8Nu3PkMXWBaOxJ9aORUYzfMQCbVBIhZ8tG','2023-11-09','629-761.53');
INSERT INTO veterinarian (id,name,email,password,date_register,license) VALUES (8,'Fleur','feugiat.non@aol.couk','$2a$10$eACCYoNOHEqXve8aIWT8Nu3PkMXWBaOxJ9aORUYzfMQCbVBIhZ8tG','2023-07-11','156-849.43');
INSERT INTO veterinarian (id,name,email,password,date_register,license) VALUES (9,'Blaze','ullamcorper@outlook.couk','$2a$10$eACCYoNOHEqXve8aIWT8Nu3PkMXWBaOxJ9aORUYzfMQCbVBIhZ8tG','2022-04-07','246-242.68');
INSERT INTO veterinarian (id,name,email,password,date_register,license) VALUES (10,'Dale','quam.vel@outlook.couk','$2a$10$eACCYoNOHEqXve8aIWT8Nu3PkMXWBaOxJ9aORUYzfMQCbVBIhZ8tG','2023-12-29','613-214.37');
INSERT INTO veterinarian (id,name,email,password,date_register,license) VALUES (11,'Jin','et@aol.com','$2a$10$eACCYoNOHEqXve8aIWT8Nu3PkMXWBaOxJ9aORUYzfMQCbVBIhZ8tG','2022-07-19','487-455.32');
INSERT INTO veterinarian (id,name,email,password,date_register,license) VALUES (12,'Risa','tellus@icloud.net','$2a$10$eACCYoNOHEqXve8aIWT8Nu3PkMXWBaOxJ9aORUYzfMQCbVBIhZ8tG','2023-01-13','678-213.03');
INSERT INTO veterinarian (id,name,email,password,date_register,license) VALUES (13,'Whilemina','sit@yahoo.net','$2a$10$eACCYoNOHEqXve8aIWT8Nu3PkMXWBaOxJ9aORUYzfMQCbVBIhZ8tG','2023-12-24','787-715.55');
INSERT INTO veterinarian (id,name,email,password,date_register,license) VALUES (14,'Valentine','eget.lacus@outlook.edu','$2a$10$eACCYoNOHEqXve8aIWT8Nu3PkMXWBaOxJ9aORUYzfMQCbVBIhZ8tG','2022-02-10','666-416.64');
INSERT INTO veterinarian (id,name,email,password,date_register,license) VALUES (15,'Alfreda','in.condimentum.donec@protonmail.net','$2a$10$eACCYoNOHEqXve8aIWT8Nu3PkMXWBaOxJ9aORUYzfMQCbVBIhZ8tG','2022-09-21','866-240.45');
INSERT INTO veterinarian (id,name,email,password,date_register,license) VALUES (16,'Harding','egestas@hotmail.ca','$2a$10$eACCYoNOHEqXve8aIWT8Nu3PkMXWBaOxJ9aORUYzfMQCbVBIhZ8tG','2022-12-29','746-045.65');
INSERT INTO veterinarian (id,name,email,password,date_register,license) VALUES (17,'Herman','at.pede.cras@yahoo.net','$2a$10$eACCYoNOHEqXve8aIWT8Nu3PkMXWBaOxJ9aORUYzfMQCbVBIhZ8tG','2023-10-23','716-438.19');
INSERT INTO veterinarian (id,name,email,password,date_register,license) VALUES (18,'Colleen','enim.nisl.elementum@outlook.com','$2a$10$eACCYoNOHEqXve8aIWT8Nu3PkMXWBaOxJ9aORUYzfMQCbVBIhZ8tG','2022-05-21','763-506.80');
INSERT INTO veterinarian (id,name,email,password,date_register,license) VALUES (19,'Jena','enim.sit.amet@outlook.ca','$2a$10$eACCYoNOHEqXve8aIWT8Nu3PkMXWBaOxJ9aORUYzfMQCbVBIhZ8tG','2023-04-30','933-453.77');
INSERT INTO veterinarian (id,name,email,password,date_register,license) VALUES (20,'Uriah','erat@outlook.edu','$2a$10$eACCYoNOHEqXve8aIWT8Nu3PkMXWBaOxJ9aORUYzfMQCbVBIhZ8tG','2023-05-04','737-203.72');
INSERT INTO veterinarian (id,name,email,password,date_register,license) VALUES (21,'Lee','senectus@google.org','$2a$10$eACCYoNOHEqXve8aIWT8Nu3PkMXWBaOxJ9aORUYzfMQCbVBIhZ8tG','2023-10-06','181-265.83');
INSERT INTO veterinarian (id,name,email,password,date_register,license) VALUES (22,'Lee','egestas.lacinia@outlook.ca','$2a$10$eACCYoNOHEqXve8aIWT8Nu3PkMXWBaOxJ9aORUYzfMQCbVBIhZ8tG','2023-12-31','411-048.37');
INSERT INTO veterinarian (id,name,email,password,date_register,license) VALUES (23,'Camden','convallis.dolor.quisque@google.net','$2a$10$eACCYoNOHEqXve8aIWT8Nu3PkMXWBaOxJ9aORUYzfMQCbVBIhZ8tG','2022-04-02','328-161.49');
INSERT INTO veterinarian (id,name,email,password,date_register,license) VALUES (24,'Jasper','elit.erat@google.couk','$2a$10$eACCYoNOHEqXve8aIWT8Nu3PkMXWBaOxJ9aORUYzfMQCbVBIhZ8tG','2023-03-30','826-523.13');
INSERT INTO veterinarian (id,name,email,password,date_register,license) VALUES (25,'Sheila','vitae.orci.phasellus@hotmail.edu','$2a$10$eACCYoNOHEqXve8aIWT8Nu3PkMXWBaOxJ9aORUYzfMQCbVBIhZ8tG','2022-02-21','677-407.85');



INSERT INTO animal (id,name,species,birthdate,date_register,owner_id) VALUES (1,'Priscilla',2,'2023-04-08','2023-10-04',4);
INSERT INTO animal (id,name,species,birthdate,date_register,owner_id) VALUES (2,'Alfonso',2,'2022-03-19','2022-07-09',18);
INSERT INTO animal (id,name,species,birthdate,date_register,owner_id) VALUES (3,'Serena',3,'2022-07-18','2023-08-08',2);
INSERT INTO animal (id,name,species,birthdate,date_register,owner_id) VALUES (4,'Octavius',2,'2023-05-29','2023-07-05',2);
INSERT INTO animal (id,name,species,birthdate,date_register,owner_id) VALUES (5,'Myra',2,'2022-11-16','2022-03-31',12);
INSERT INTO animal (id,name,species,birthdate,date_register,owner_id) VALUES (6,'Pamela',2,'2023-11-10','2022-07-12',18);
INSERT INTO animal (id,name,species,birthdate,date_register,owner_id) VALUES (7,'Josiah',3,'2022-06-06','2024-01-15',13);
INSERT INTO animal (id,name,species,birthdate,date_register,owner_id) VALUES (8,'Simone',2,'2022-10-20','2022-08-10',25);
INSERT INTO animal (id,name,species,birthdate,date_register,owner_id) VALUES (9,'Lawrence',3,'2023-02-03','2024-01-22',24);
INSERT INTO animal (id,name,species,birthdate,date_register,owner_id) VALUES (10,'Adria',3,'2023-04-11','2024-01-10',10);
INSERT INTO animal (id,name,species,birthdate,date_register,owner_id) VALUES (11,'Destiny',2,'2022-08-10','2023-11-11',18);
INSERT INTO animal (id,name,species,birthdate,date_register,owner_id) VALUES (12,'Ingrid',2,'2024-01-26','2023-07-19',21);
INSERT INTO animal (id,name,species,birthdate,date_register,owner_id) VALUES (13,'Azalia',2,'2023-09-15','2022-11-20',14);
INSERT INTO animal (id,name,species,birthdate,date_register,owner_id) VALUES (14,'Violet',1,'2022-12-19','2022-07-28',11);
INSERT INTO animal (id,name,species,birthdate,date_register,owner_id) VALUES (15,'Leila',2,'2022-02-13','2024-01-26',17);
INSERT INTO animal (id,name,species,birthdate,date_register,owner_id) VALUES (16,'Flynn',2,'2022-10-14','2023-02-03',18);
INSERT INTO animal (id,name,species,birthdate,date_register,owner_id) VALUES (17,'Hope',3,'2024-02-02','2023-02-03',22);
INSERT INTO animal (id,name,species,birthdate,date_register,owner_id) VALUES (18,'Jared',2,'2023-03-26','2023-01-16',22);
INSERT INTO animal (id,name,species,birthdate,date_register,owner_id) VALUES (19,'Geoffrey',3,'2022-04-25','2022-07-26',3);
INSERT INTO animal (id,name,species,birthdate,date_register,owner_id) VALUES (20,'Sharon',2,'2023-01-29','2023-10-01',20);
INSERT INTO animal (id,name,species,birthdate,date_register,owner_id) VALUES (21,'Orla',3,'2023-07-17','2022-02-10',20);
INSERT INTO animal (id,name,species,birthdate,date_register,owner_id) VALUES (22,'Regina',2,'2022-07-30','2022-12-29',15);
INSERT INTO animal (id,name,species,birthdate,date_register,owner_id) VALUES (23,'Winifred',1,'2023-10-17','2022-06-25',6);
INSERT INTO animal (id,name,species,birthdate,date_register,owner_id) VALUES (24,'Xantha',2,'2022-02-12','2023-02-18',15);
INSERT INTO animal (id,name,species,birthdate,date_register,owner_id) VALUES (25,'Yoshio',1,'2023-10-02','2023-05-01',3);